name,code,logo,rank,region,region_code,region_ranking,score,indicator_Alumni,indicator_Award,indicator_HiCi,indicator_N&S,indicator_PUB,indicator_PCP
Harvard University,harvard-university,logo/032bd1b77.png,1,United States,us,1,100,100,100,100,100,100,79.2
Stanford University,stanford-university,logo/13de8913b.png,2,United States,us,2,74.7,42.9,89.6,80.1,73.6,73.1,55.8
University of California - Berkeley,university-of-california-berkeley,logo/0ff179fb8.png,3,United States,us,3,70.1,65.1,79.4,64.9,68.7,68.4,59
University of Cambridge,university-of-cambridge,logo/8d9861b69.png,4,United Kingdom,gb,1,69.6,78.3,96.6,51.3,56.7,67.8,58.5
Massachusetts Institute of Technology (MIT),massachusetts-institute-of-technology-mit,logo/79165fd8b.png,5,United States,us,4,69.2,69.4,80.7,55.3,71.7,61.7,69.7
Princeton University,princeton-university,logo/b1dad5288.png,6,United States,us,5,62,53.3,98,51.3,47.2,42.9,74.4
University of Oxford,university-of-oxford,logo/c1d967477.png,7,United Kingdom,gb,2,58.9,49.7,54.9,56.2,55,74.5,46.1
California Institute of Technology,california-institute-of-technology,logo/c956f3d98.png,8,United States,us,6,57.8,51,66.7,39.7,57.3,43.6,100
Columbia University,columbia-university,logo/ce3421720.png,9,United States,us,7,56.7,63.5,65.9,41,53.3,68.9,33.3
University of Chicago,university-of-chicago,logo/b4f6eec47.png,10,United States,us,8,54.2,59.8,86.3,34,42.7,50.2,44.5
Yale University,yale-university,logo/5c6f4b7f6.png,11,United States,us,9,52.8,47.6,50.4,44.7,58.4,62.6,37.1
University of California - Los Angeles,university-of-california-los-angeles,logo/27bdc3879.png,12,United States,us,10,51.5,29.5,47.1,58,44.5,71.4,33.4
Cornell University,cornell-university,logo/e6c9fdb3e.png,13,United States,us,11,49,42,49.8,41,47,60.5,40.9
University of California - San Diego,university-of-california-san-diego,logo/3ef15c5ab.png,14,United States,us,12,47.8,19.2,35.5,49.2,57.8,63.5,37
University of Washington,university-of-washington,logo/e37a45f2d.png,15,United States,us,13,47.3,21.2,31.6,49.2,52.1,72.6,31
Johns Hopkins University,johns-hopkins-university,logo/6a65dac86.png,16,United States,us,14,46,37.7,33.6,38.4,47,71.9,31.1
University College London,university-college-london,logo/9f3188b58.png,17,United Kingdom,gb,3,45.3,28.1,36.2,39.7,41.6,73.9,32.2
University of Pennsylvania,university-of-pennsylvania,logo/9cdff1ab0.png,18,United States,us,15,44.5,31.6,33.8,42.3,39.4,67.7,37.8
Swiss Federal Institute of Technology Zurich,eth-zurich,logo/690aaf016.png,19,Switzerland,ch,1,43.8,29.5,35.5,35.5,50.2,55.6,46.1
The University of Tokyo,the-university-of-tokyo,logo/68d505f23.png,20,Japan,jp,1,42.2,36.3,25.3,30.8,47.5,70,29.7
University of California - San Francisco,university-of-california-san-francisco,logo/5d107d88e.png,21,United States,us,16,41.9,0,39.9,37,52.1,59.3,33.5
The Imperial College of Science - Technology and Medicine,imperial-college-london,logo/20b72ddaf.png,22,United Kingdom,gb,4,41.6,14.5,35.8,43.5,32.9,64,39.9
University of Michigan-Ann Arbor,university-of-michigan-ann-arbor,logo/5edf88399.png,23,United States,us,17-18,40.8,34.4,0,51.3,41.6,76.6,25.8
Washington University in St. Louis,washington-university-in-st-louis,logo/e4356564f.png,23,United States,us,17-18,40.8,22.9,24.9,51.3,42,51.7,37.2
Duke University,duke-university,logo/793d0ba4d.png,25,United States,us,19,40.4,15.4,19.2,57.1,38.9,62.1,25.9
Northwestern University,northwestern-university,logo/7e0da1019.png,26,United States,us,20,40,15.4,22.1,54.3,35.6,59.6,32.8
University of Toronto,university-of-toronto,logo/760dedb4f.png,27,Canada,ca,1,39.4,19.9,17.2,32.4,38.2,80.1,30.3
University of Wisconsin - Madison,university-of-wisconsin-madison,logo/da433331f.png,28,United States,us,21,39.2,32.8,34.8,30.8,35,62.7,24.3
New York University,new-york-university,logo/d254e1d21.png,29,United States,us,22,38,28.1,31.9,32.4,39.5,57.3,22
University of Copenhagen,university-of-copenhagen,logo/ba52788d7.png,30,Denmark,dk,1,37.7,21.8,18.8,32.4,36.2,65.2,41.9
University of Illinois at Urbana-Champaign,university-of-illinois-at-urbana-champaign,logo/49df86f43.png,30,United States,us,23,37.7,29.9,36.2,30.8,33.1,55.1,29.1
Kyoto University,kyoto-university,logo/ac21f9c26.png,32,Japan,jp,2,37.2,31.6,37.2,27.1,31.5,58.4,23.8
University of Minnesota - Twin Cities,university-of-minnesota-twin-cities,logo/7f9e67da9.png,33,United States,us,24,36.8,29.5,16.3,39.7,32.5,64.8,24.1
University of British Columbia,university-of-british-columbia,logo/38ff70adf.png,34,Canada,ca,2,36.7,15.4,18.8,42.3,32.7,64.5,27.2
The University of Manchester,the-university-of-manchester,logo/ef5cc8934.png,35,United Kingdom,gb,5,36.4,18.5,32.6,37,26.4,58.4,29
University of North Carolina at Chapel Hill,university-of-north-carolina-at-chapel-hill,logo/6f189065b.png,35,United States,us,25,36.4,8.9,23.7,39.7,32.6,60.8,33.8
Rockefeller University,rockefeller-university,logo/22e351bb0.png,37,United States,us,26,36.1,17,59.8,27.1,41.8,19.3,40
University of Colorado at Boulder,university-of-colorado-at-boulder,logo/41aff2fed.png,38,United States,us,27,35.1,12.6,34.1,30.8,36.8,46.2,35.1
Pierre and Marie  Curie University - Paris 6,sorbonne-university,logo/f900e4997.png,39,France,fr,1,34.5,33.6,27.4,20.5,29.7,61.9,25.3
The University of Melbourne,the-university-of-melbourne,logo/741caa454.png,40,Australia,au,1,33.9,17,13.3,35.5,24.8,67.9,32.2
The University of Edinburgh,the-university-of-edinburgh,logo/ce563e70b.png,41,United Kingdom,gb,6,33.6,20.5,24.9,32.4,31.3,52.1,26.8
University of California - Santa Barbara,university-of-california-santa-barbara,logo-jpg/63f81166100.jpg,42,United States,us,28,33.3,14.5,39.1,32.4,27.3,37.7,38.2
The University of Texas Southwestern Medical Center at Dallas,the-university-of-texas-southwestern-medical-center-at-dallas,logo/8ab040a7d.png,43,United States,us,29,32.9,18.5,34.5,30.8,37.6,34.9,27.7
Karolinska Institute,karolinska-institute,logo/826acd5a2.png,44,Sweden,se,1,32.7,25.6,26.6,22.9,25.1,52.6,40.2
The University of Texas at Austin,the-university-of-texas-at-austin,logo/203d8cd87.png,44,United States,us,30,32.7,16.2,16.3,29,37,56.3,26.6
University of Paris-Sud (Paris 11),university-of-paris-sud-paris-11,logo/250639a27.png,46,France,fr,2,32.5,30.3,54.3,10.3,17.6,47.9,27.7
Heidelberg University,heidelberg-university,logo/c1b74c074.png,47,Germany,de,1-2,32.3,19.9,25.3,22.9,30.6,51.8,34.9
Technical University Munich,technical-university-of-munich,logo/3d748c924.png,47,Germany,de,1-2,32.3,34.8,21.6,29,23.3,49.7,34.6
University of Southern California,university-of-southern-california,logo/f94b07167.png,49,United States,us,31,32.2,0,31.7,35.5,23.4,53.9,26.2
King's College London,kings-college-london,logo/7c3673100.png,50,United Kingdom,gb,7,31.6,21.2,21,34,19.6,55.3,27.9
University of Munich,university-of-munich,logo/6d76dd8bd.png,51,Germany,de,3,31.4,25.6,19.1,25.1,29.4,50.3,33.9
University of Maryland - College Park,university-of-maryland-college-park,logo/0eeb3a1e0.png,52,United States,us,32,31,19.2,20,22.9,32.8,52.7,27.6
University of Geneva,university-of-geneva,logo/7cd1dc0d1.png,53,Switzerland,ch,2,30.7,27.1,28.2,25.1,28.6,38.2,32.8
University of Zurich,university-of-zurich,logo/897c2afe4.png,54,Switzerland,ch,3,30.5,5.1,24,25.1,28.7,53.1,31.7
The University of Queensland,the-university-of-queensland,logo/9d6b97a7c.png,55,Australia,au,2,30.2,12.6,0,34,26,64.6,33.6
University of Helsinki,university-of-helsinki,logo/174aa57e2.png,56,Finland,fi,1,29.9,12.6,16.3,32.4,22.8,51.9,33.5
University of Bristol,university-of-bristol,logo/73d83b1e4.png,57,United Kingdom,gb,8,29.7,7.3,16.3,29,34.2,46.7,31.5
Tsinghua University,tsinghua-university,logo/27532357.png,58,China,cn,1,29.6,10.3,0,27.1,32.5,68.3,23.2
University of California - Irvine,university-of-california-irvine,logo/b1df85949.png,58,United States,us,33,29.6,0,29.3,29,28.1,45,26.8
Uppsala University,uppsala-university,logo/8e0a7d1d4.png,60,Sweden,se,2,29.3,17.8,27.4,17.8,24.8,50.2,28.5
Vanderbilt University,vanderbilt-university,logo/bb01ff238.png,60,United States,us,34,29.3,15.4,29,25.1,20.4,51,19.9
Ghent University,ghent-university,logo/a05682830.png,62,Belgium,be,1,29.1,5.1,13.3,32.4,18.6,57.9,35.7
McGill University,mcgill-university,logo/88d833c3e.png,63,Canada,ca,3,28.9,32.8,0,22.9,27.5,60.3,28.3
Purdue University - West Lafayette,purdue-university-west-lafayette,logo/2ef5fbfcc.png,63,United States,us,35,28.9,13.6,23.1,25.1,24.4,50.1,24.2
Aarhus University,aarhus-university,logo/0ec23abb4.png,65,Denmark,dk,2,28.7,11.5,22.1,17.8,25.6,52.9,32.5
Utrecht University,utrecht-university,logo/5063041ca.png,65,Netherlands,nl,1,28.7,22.9,20,22.9,25.9,46.3,27.6
University of Oslo,university-of-oslo,logo/2d1aa99b3.png,67,Norway,no,1,28.6,28.1,32.6,10.3,18.4,50.6,28.1
Carnegie Mellon University,carnegie-mellon-university,logo/e1f857b46.png,68,United States,us,36,28.1,31.6,31.6,25.1,13.7,33.9,34.7
Technion-Israel Institute of Technology,technion-israel-institute-of-technology,logo/547232002.png,69,Israel,il,1,28,23.5,37.6,17.8,20.2,34.9,29.8
University of Pittsburgh - Pittsburgh Campus,university-of-pittsburgh,logo/bfcc56ad8.png,70,United States,us,37,27.8,18.5,0,38.4,19.4,59.7,19
Peking University,peking-university,logo/86350223.png,71,China,cn,2,27.7,11.5,0,27.1,24.5,66.7,22.7
Nagoya University,nagoya-university,logo/958492796.png,72,Japan,jp,3,27.5,29,25.3,20.5,17.9,44.2,24.8
Rice University,rice-university,logo/3bd736da6.png,72,United States,us,38,27.5,16.2,21.7,35.5,20.8,29.4,37.8
University of Groningen,university-of-groningen,logo/cb5787d1f.png,72,Netherlands,nl,2,27.5,0,18.8,25.1,20.6,53.2,33.7
Boston University,boston-university,logo/cbbf3b6e2.png,75,United States,us,39-40,27.2,11.5,11.5,27.1,26.9,50.1,23.2
University of California - Davis,university-of-california-davis,logo/59eef6399.png,75,United States,us,39-40,27.2,0,0,30.8,32,58.1,24.9
Pennsylvania State University - University Park,pennsylvania-state-university-university-park,logo/1069b7da2.png,77,United States,us,41,26.9,10.3,0,30.8,30.5,53.4,24
The Australian National University,the-australian-national-university,logo/e6233a5b3.png,77,Australia,au,3,26.9,13.6,19.2,20.5,23,46.4,30.9
Monash University,monash-university,logo/6d8339a6f.png,79,Australia,au,4,26.8,0,0,34,22.3,59.7,30.5
The Ohio State University - Columbus,the-ohio-state-university-columbus,logo/1ccdfc090.png,79,United States,us,42,26.8,12.6,0,32.4,20.8,62.3,18.8
Stockholm University,stockholm-university,logo/bd0e71ccb.png,81,Sweden,se,3,26.7,24.1,27.4,14.5,21.2,41.9,27.3
University of Sydney,university-of-sydney,logo/6f7db18c8.png,82,Australia,au,5,26.6,14.5,0,25.1,17.8,65.7,28.6
McMaster University,mcmaster-university,logo/0f693978a.png,83,Canada,ca,4,26.5,12.6,18.8,32.4,13.6,45.5,25.7
National University of Singapore,national-university-of-singapore,logo/31943e0cb.png,83,Singapore,sg,1,26.5,0,0,32.4,19.4,60.4,35.2
University of California - Santa Cruz,university-of-california-santa-cruz,logo/9ca868f71.png,83,United States,us,43,26.5,0,0,47,32.4,28.8,42.9
Mayo Medical School,mayo-clinic-alix-school-of-medicine,logo-jpg/d60a8d8e800.jpg,86,United States,us,44,26.3,0,0,48.1,14.7,48.7,34.6
Ecole Normale Superieure - Paris,ecole-normale-superieure-paris,logo/8c5918f6b.png,87,France,fr,3,26.2,48.9,28,0,18.3,26.2,62.4
Moscow State University,moscow-state-university,logo/98123a275.png,87,Russia,ru,1,26.2,41.4,33,0,8.3,49.7,33.1
The Hebrew University of Jerusalem,the-hebrew-university-of-jerusalem,logo/ee11c32f8.png,87,Israel,il,2,26.2,32,28.2,10.3,21,38.3,28.5
Brown University,brown-university,logo/3d8b527ff.png,90,United States,us,45-46,26,14.5,13.3,22.9,22.6,43.9,34.1
University of Florida,university-of-florida,logo/a1fc569d1.png,90,United States,us,45-46,26,17,0,27.1,20.2,59.6,23.4
Swiss Federal Institute of Technology Lausanne,swiss-federal-institute-of-technology-lausanne,logo/1946ead7f.png,92,Switzerland,ch,4,25.7,0,0,32.4,30.3,42.3,42
Georgia Institute of Technology,georgia-institute-of-technology,logo/ce6aa6357.png,93,United States,us,47,25.6,12.6,0,37,22.1,44.1,31.3
KU Leuven,ku-leuven,logo/666263d88.png,93,Belgium,be,2,25.6,0,0,29,21.2,59.2,31.7
Leiden University,leiden-university,logo/970699879.png,93,Netherlands,nl,3,25.6,17.8,9.4,20.5,21,49.3,32.2
Osaka University,osaka-university,logo/433a187e9.png,96,Japan,jp,4,25.5,8.9,0,30.8,26,52.2,22.7
Rutgers - The State University of New Jersey - New Brunswick,rutgers-the-state-university-of-new-jersey-new-brunswick,logo/c01c983b9.png,96,United States,us,48-49,25.5,10.3,18.8,22.9,25.4,43.9,17.3
The University of Texas M. D. Anderson Cancer Center,the-university-of-texas-m-d-anderson-cancer-center,logo/1100fcdc8.png,96,United States,us,48-49,25.5,0,0,35.5,22.3,41.8,50.4
The University of Western Australia,the-university-of-western-australia,logo/535124d88.png,96,Australia,au,6,25.5,13.6,14.1,25.1,14.6,48.8,31.1
University of Utah,university-of-utah,logo/755c0861c.png,100,United States,us,50,25.4,0,11.5,25.1,26.6,48.3,26
Aix Marseille University,aix-marseille-university,logo/db573f4a7.png,101-150,France,fr,4-6,,13.6,0,20.5,24,51.2,30.1
Arizona State University,arizona-state-university,logo/4b703d82d.png,101-150,United States,us,51-61,,0,20,14.5,22.8,44.6,22.4
Baylor College of Medicine,baylor-college-of-medicine,logo/413ba3e0b.png,101-150,United States,us,51-61,,0,0,27.1,31.3,41.6,20.4
Cardiff University,cardiff-university,logo/0d9ee072c.png,101-150,United Kingdom,gb,9-15,,0,16.3,30.8,18,39.4,26.1
Case Western Reserve University,case-western-reserve-university,logo/885955e6b.png,101-150,United States,us,51-61,,30.3,10.9,20.5,19.6,39.6,24.8
Emory University,emory-university,logo/7489183e0.png,101-150,United States,us,51-61,,0,0,25.1,21.8,51,22.1
Erasmus University Rotterdam,erasmus-university-rotterdam,logo/7dc2ef049.png,101-150,Netherlands,nl,4-8,,0,14.9,27.1,10.1,35.1,30.2
Fudan University,fudan-university,logo/28312850.png,101-150,China,cn,3-6,,0,0,22.9,13.8,59.7,23
Icahn School of Medicine at Mount Sinai,icahn-school-of-medicine-at-mount-sinai,logo-jpg/a23fc3bb300.jpg,101-150,United States,us,51-61,,0,0,38.4,22.9,37.2,20.7
Indiana University Bloomington,indiana-university-bloomington,logo/7a6b45fcc.png,101-150,United States,us,51-61,,10.3,21.6,22.9,20.1,40.1,21.1
King Abdulaziz University,king-abdulaziz-university,logo-jpg/ca4482ae600.jpg,101-150,Saudi Arabia,sa,1-2,,0,0,52.3,9.1,47.8,18.1
King Saud University,king-saud-university,logo/a8ed57dd5.png,101-150,Saudi Arabia,sa,1-2,,0,0,42.3,6.2,46.1,17.4
Lund University,lund-university,logo/165fbbe8f.png,101-150,Sweden,se,4,,21.2,0,17.8,17.4,50.7,22.1
Michigan State University,michigan-state-university,logo/3be5907be.png,101-150,United States,us,51-61,,8.9,0,22.9,24.2,51.1,18.9
Nanyang Technological University,nanyang-technological-university,logo/f3d48b4a3.png,101-150,Singapore,sg,2,,0,0,34,11.4,52.3,31.3
Norwegian University of Science and Technology - NTNU,norwegian-university-of-science-and-technology-ntnu,logo/5cbe779ad.png,101-150,Norway,no,2,,13.6,21,14.5,14.7,37.7,22
Radboud University Nijmegen,radboud-university-nijmegen,logo/6759d15cf.png,101-150,Netherlands,nl,4-8,,16.2,0,17.8,21,50.8,35.1
Seoul National University,seoul-national-university,logo/4d302fc4e.png,101-150,South Korea,kr,1,,0,0,17.8,16.9,68.1,25.3
Shanghai Jiao Tong University,shanghai-jiao-tong-university,logo/27403919.png,101-150,China,cn,3-6,,0,0,14.5,10.9,72.3,25.5
Texas A&M University,texas-a-m-university,logo/df03442c2.png,101-150,United States,us,51-61,,0,0,22.9,21.9,50.1,18.4
The University of Adelaide,the-university-of-adelaide,logo/13e383993.png,101-150,Australia,au,7-8,,14.5,0,25.1,14.2,44.6,29.9
The University of Hong Kong,the-university-of-hong-kong,logo/cbf530ad3.png,101-150,China-Hong Kong,hk,1,,0,0,32.4,15.1,44.8,27.2
The University of New South Wales,the-university-of-new-south-wales,logo/269ebda14.png,101-150,Australia,au,7-8,,0,0,17.8,17.4,60.5,25
The University of Sheffield,the-university-of-sheffield,logo/08629522c.png,101-150,United Kingdom,gb,9-15,,17.8,13.3,17.8,17.3,44.3,23
Tohoku University,tohoku-university,logo/cd197349d.png,101-150,Japan,jp,5,,14.5,0,14.5,20.6,50.2,21
Tufts University,tufts-university,logo/a74ac6721.png,101-150,United States,us,51-61,,18.5,16.3,20.5,13.7,34.8,26.8
University of Alberta,university-of-alberta,logo/f1242c7ae.png,101-150,Canada,ca,5,,11.5,0,25.1,20.4,55.4,24.4
University of Amsterdam,university-of-amsterdam,logo/054e1350c.png,101-150,Netherlands,nl,4-8,,5.1,0,22.9,18.5,55.1,29.7
University of Arizona,university-of-arizona,logo/b51ca4f00.png,101-150,United States,us,51-61,,14.5,0,27.1,27.3,49.1,23.9
University of Basel,university-of-basel,logo/4b95c2a51.png,101-150,Switzerland,ch,5-6,,19.2,16.3,14.5,23.7,39.5,36
University of Bern,university-of-bern,logo/0881a5f78.png,101-150,Switzerland,ch,5-6,,12.6,0,30.8,23,42.1,33.4
University of Birmingham,university-of-birmingham,logo/aac49270e.png,101-150,United Kingdom,gb,9-15,,18.5,9.4,22.9,12.4,45.4,23.7
University of Bonn,university-of-bonn,logo/68c81f6c8.png,101-150,Germany,de,4-8,,15.4,19.8,20.5,21.5,40.3,27.1
University of Frankfurt,goethe-university-frankfurt,logo/4c5e6a039.png,101-150,Germany,de,4-8,,30.3,0,14.5,21.9,36.9,24.8
University of Freiburg,university-of-freiburg,logo/023a63f53.png,101-150,Germany,de,4-8,,18.5,18.8,10.3,21.6,37.1,24.6
University of Goettingen,university-of-goettingen,logo/f34acde58.png,101-150,Germany,de,4-8,,30.8,14.9,20.5,20.6,38.4,27.1
University of Leeds,university-of-leeds,logo/6dd8db10a.png,101-150,United Kingdom,gb,9-15,,17,0,29,21,43.7,23.3
University of Liverpool,university-of-liverpool,logo/d951c4194.png,101-150,United Kingdom,gb,9-15,,17,13.3,17.8,19.2,43,24.9
University of Muenster,university-of-muenster,logo-jpg/99b87390900.jpg,101-150,Germany,de,4-8,,19.2,13.3,17.8,16.5,35.7,23.3
University of Nottingham,university-of-nottingham,logo/0bf332f99.png,101-150,United Kingdom,gb,9-15,,11.5,20,20.5,15.3,44.9,20.9
University of Rochester,university-of-rochester,logo/9fac3887f.png,101-150,United States,us,51-61,,24.6,7.7,17.8,20.7,38.9,20.3
University of Sao Paulo,university-of-sao-paulo,logo/439ebbf7b.png,101-150,Brazil,br,1,,0,0,10.3,12.6,73.3,16.5
University of Science and Technology of China,university-of-science-and-technology-of-china,logo/50132214.png,101-150,China,cn,3-6,,0,0,20.5,15.4,52.6,26.2
University of Southampton,university-of-southampton,logo/ed12f6724.png,101-150,United Kingdom,gb,9-15,,0,0,29,20.6,47.8,26.2
University of Strasbourg,university-of-strasbourg,logo/cffce1361.png,101-150,France,fr,4-6,,25.1,28.8,10.3,17.6,35.2,22.2
University of Wageningen,wageningen-university-research,logo/e48392d63.png,101-150,Netherlands,nl,4-8,,0,0,25.1,19.2,41.9,34.5
University Paris Diderot - Paris 7,university-paris-diderot-paris-7,logo/e2dbeabe6.png,101-150,France,fr,4-6,,11.5,9.4,17.8,31.7,46.3,21.4
VU University Amsterdam,vrije-universiteit-amsterdam,logo/9882fdffd.png,101-150,Netherlands,nl,4-8,,0,0,32.4,16.8,54.9,35
Weizmann Institute of Science,weizmann-institute-of-science,logo/f5dfa93ce.png,101-150,Israel,il,3,,17.8,16.3,14.5,35.5,27.5,25.4
Zhejiang University,zhejiang-university,logo/88311656.png,101-150,China,cn,3-6,,0,0,20.5,15,69.1,21.2
Catholic University of Louvain,catholic-university-of-louvain,logo/ad05feb78.png,151-200,Belgium,be,3-4,,10.3,13.3,14.5,10.1,35,25.6
China Medical University,china-medical-university-taichung,logo/e4e511a59.png,151-200,China-Taiwan,tw,1-2,,0,0,35.5,2.1,31.6,33.4
Delft University of Technology,delft-university-of-technology,logo/a0e573fe4.png,151-200,Netherlands,nl,9,,11.5,0,14.5,18.3,40,23.9
Harbin Institute of Technology,harbin-institute-of-technology,logo/88331082.png,151-200,China,cn,7-9,,0,0,20.5,6,52.2,17
Hokkaido University,hokkaido-university,logo/0ed9be4d1.png,151-200,Japan,jp,6,,11.5,16.3,0,14.1,42.5,19.1
Joseph Fourier University (Grenoble 1),joseph-fourier-university-grenoble-1,logo/3fda45955.png,151-200,France,fr,7-9,,0,14.9,20.5,19.5,23.7,16.7
Korea University,korea-university,logo/8310aa48b.png,151-200,South Korea,kr,2-3,,0,0,14.5,8.8,52.2,24.1
London School of Economics and Political Science,london-school-of-economics-and-political-science,logo/21a6b0778.png,151-200,United Kingdom,gb,16-21,,19.9,16.3,10.3,,29.9,27.2
London School of Hygiene & Tropical Medicine,london-school-of-hygiene-tropical-medicine,logo/44c92e762.png,151-200,United Kingdom,gb,16-21,,7.3,0,22.9,10.2,34,33.4
National Autonomous University of Mexico,national-autonomous-university-of-mexico,logo/22d59f1cc.png,151-200,Mexico,mx,1,,12.6,0,14.5,9.7,48.2,25.7
National Taiwan University,national-taiwan-university,logo/075ca4af3.png,151-200,China-Taiwan,tw,1-2,,11.5,0,10.3,13.4,54.7,19.8
Oregon Health and Science University,oregon-health-and-science-university,logo/e0d414de9.png,151-200,United States,us,62-71,,0,0,25.1,22.8,34.2,23.8
Oregon State University,oregon-state-university,logo/5f1862f7c.png,151-200,United States,us,62-71,,10.3,0,17.8,23.5,35.8,23.5
Queen Mary University of London,queen-mary-university-of-london,logo/7aaa63173.png,151-200,United Kingdom,gb,16-21,,17.8,0,20.5,13,34.8,22.5
Sapienza University of Rome,sapienza-university-of-rome,logo/7ecaa1198.png,151-200,Italy,it,1-2,,11.5,13.3,0,10.5,54.5,20.2
Sun Yat-sen University,sun-yat-sen-university,logo/46293852.png,151-200,China,cn,7-9,,0,0,14.5,10.3,58,19.1
Sungkyunkwan University,sungkyunkwan-university,logo/13a2c1830.png,151-200,South Korea,kr,2-3,,0,0,10.3,13.1,50.3,24.8
Technical University of Denmark,technical-university-of-denmark,logo/2a23ba513.png,151-200,Denmark,dk,3,,5.1,11.5,14.5,14.3,40.7,23.2
Tel Aviv University,tel-aviv-university,logo/3384913de.png,151-200,Israel,il,4,,0,0,10.3,18.8,49,26.4
The University of Auckland,the-university-of-auckland,logo/05b4edbf7.png,151-200,New Zealand,nz,1,,13.6,0,14.5,12.5,42.2,23.6
The University of Glasgow,the-university-of-glasgow,logo-jpg/f072bed2b00.jpg,151-200,United Kingdom,gb,16-21,,7.3,0,22.9,17.9,42.3,23.1
Trinity College Dublin,trinity-college-dublin,logo/a5359bee7.png,151-200,Ireland,ie,1,,15.4,13.3,17.8,14,31.1,20.8
TU Dresden,tu-dresden,logo-jpg/fce781c0600.jpg,151-200,Germany,de,9-14,,0,0,20.5,15.3,41.3,24
Université libre de Bruxelles (ULB),universit-libre-de-bruxelles-ulb,logo/64cca2113.png,151-200,Belgium,be,3-4,,19.9,26.6,0,13.6,32.9,31
University of Barcelona,university-of-barcelona,logo/bb05b95cc.png,151-200,Spain,es,1,,0,0,17.8,12,50.6,19.9
University of Bordeaux,university-of-bordeaux,logo/31283162c.png,151-200,France,fr,7-9,,0,0,20.5,17.9,39.2,17.3
University of Buenos Aires,university-of-buenos-aires,logo/3ec293867.png,151-200,Argentina,ar,1,,14.5,24,0,8.6,35.2,22.1
University of California - Riverside,university-of-california-riverside,logo/5f4516909.png,151-200,United States,us,62-71,,12.6,0,22.9,22.1,32.3,26.5
University of Delaware,university-of-delaware,logo/0837d432d.png,151-200,United States,us,62-71,,10.3,16.3,14.5,10.3,31.8,19.3
University of Erlangen-Nuremberg,university-of-erlangen-nuremberg,logo/afb3d8190.png,151-200,Germany,de,9-14,,0,0,22.9,15.9,40.5,24.3
University of Exeter,university-of-exeter,logo/e757ee576.png,151-200,United Kingdom,gb,16-21,,0,0,25.1,17.1,35.8,24.7
University of Gothenburg,university-of-gothenburg,logo/2419f8b06.png,151-200,Sweden,se,5,,0,15.4,14.5,14.1,42.6,21.2
University of Hawaii at Manoa,university-of-hawaii-at-manoa,logo/71999f015.png,151-200,United States,us,62-71,,0,0,17.8,21.5,36.5,20.9
University of Innsbruck,university-of-innsbruck,logo/28dbaa74d.png,151-200,Austria,at,1-2,,0,9.4,20.5,17.9,25.6,27.3
University of Iowa,university-of-iowa,logo/64ddaf953.png,151-200,United States,us,62-71,,0,0,20.5,16.1,44.2,17.5
Kiel University,university-of-kiel,logo/0247385d2.png,151-200,Germany,de,9-14,,10.3,13.3,20.5,13.4,29.4,20.3
University of Leipzig,university-of-leipzig,logo/95371c744.png,151-200,Germany,de,9-14,,11.5,13.3,17.8,9.5,34,21
University of Lisbon,university-of-lisbon,logo/5be973b27.png,151-200,Portugal,pt,1,,0,8.1,14.5,11.9,47.2,25.4
University of Massachusetts Amherst,university-of-massachusetts-amherst,logo/cc867307c.png,151-200,United States,us,62-71,,13.6,0,27.1,16.4,36.2,22.9
University of Massachusetts Chan Medical School,university-of-massachusetts-medical-school-worcester,logo/c2a3365ca.png,151-200,United States,us,62-71,,0,20,10.3,23.9,26.7,20.9
University of Miami,university-of-miami,logo/bbb3b957a.png,151-200,United States,us,62-71,,0,0,22.9,15.5,39.4,21.1
University of Montreal,university-of-montreal,logo/b0c53560f.png,151-200,Canada,ca,6,,11.5,0,14.5,16.6,49.8,22.1
University of Padua,university-of-padua,logo/290d176ce.png,151-200,Italy,it,1-2,,0,0,10.3,17.4,49.6,23.5
University of Paris Descartes (Paris 5),university-of-paris-descartes-paris-5,logo/235b7fe5f.png,151-200,France,fr,7-9,,11.5,9.4,14.5,14.1,41,17.1
University of Tuebingen,university-of-tuebingen,logo/ffb5a5c9e.png,151-200,Germany,de,9-14,,22.4,0,10.3,17.3,41.2,24
University of Vienna,university-of-vienna,logo/442aa1711.png,151-200,Austria,at,1-2,,13.6,0,17.8,22.6,36.5,26.1
University of Virginia,university-of-virginia,logo/3d702cdba.png,151-200,United States,us,62-71,,0,0,10.3,27.3,43.5,18.5
University of Warwick,university-of-warwick,logo/90bb99399.png,151-200,United Kingdom,gb,16-21,,0,29.8,0,16.7,41.5,25.2
University of Wuerzburg,university-of-wuerzburg,logo/90768ed0f.png,151-200,Germany,de,9-14,,19.2,0,17.8,13.9,34.1,21.2
Xian Jiao Tong University,xian-jiaotong-university,logo/77584005.png,151-200,China,cn,7-9,,0,0,17.8,6.6,52.8,20.2
Aalborg University,aalborg-university,logo/9da905b7f.png,201-300,Denmark,dk,4,,0,0,25.1,6.4,32.7,20.6
Autonomous University of Madrid,autonomous-university-of-madrid,logo/1ae8d6f97.png,201-300,Spain,es,2-3,,0,0,14.5,10.9,38.4,18.4
Beijing Normal University,beijing-normal-university,logo/38816505.png,201-300,China,cn,10-18,,15.4,0,10.3,5.4,40.1,17.4
Brandeis University,brandeis-university,logo/c824fcc8e.png,201-300,United States,us,72-98,,19.2,0,10.3,18.2,18.6,27.1
Chalmers University of Technology,chalmers-university-of-technology,logo/9ded22865.png,201-300,Sweden,se,6-8,,0,0,17.8,12,30.2,22.9
Charles University in Prague,charles-university-in-prague,logo/b21d1a50b.png,201-300,Czech Republic,cz,1,,8.9,0,14.5,8,44.6,21.9
City University of Hong Kong,city-university-of-hong-kong,logo/ed73d6ca9.png,201-300,China-Hong Kong,hk,2-4,,0,0,20.5,2.1,39.1,23.9
Claude Bernard University Lyon 1,claude-bernard-university-lyon-1,logo/bfcb2841f.png,201-300,France,fr,10-13,,10.3,0,0,19.4,40.5,15.7
Colorado State University,colorado-state-university,logo/5890dd554.png,201-300,United States,us,72-98,,0,0,10.3,14.7,35.8,18.4
Curtin University,curtin-university,logo/99e4b9934.png,201-300,Australia,au,9-14,,0,0,17.8,12.5,39.5,27.3
Dartmouth College,dartmouth-college,logo/cd738deeb.png,201-300,United States,us,72-98,,17.8,0,14.5,14.5,25.4,20.1
Deakin University,deakin-university,logo/b20086809.png,201-300,Australia,au,9-14,,0,0,22.9,8.6,38.5,25.6
Drexel University,drexel-university,logo/7dddd2afc.png,201-300,United States,us,72-98,,0,0,20.5,9.1,30.5,21.6
Durham University,durham-university,logo/110e53af0.png,201-300,United Kingdom,gb,22-28,,0,0,17.8,15.3,35.5,22.1
Eindhoven University of Technology,eindhoven-university-of-technology,logo-jpg/0b4b50b9c00.jpg,201-300,Netherlands,nl,10-11,,0,0,17.8,8.8,30.6,24.5
Florida State University,florida-state-university,logo/731b432f8.png,201-300,United States,us,72-98,,0,0,10.3,14.4,38,19
George Mason University,george-mason-university,logo/ba8ac68f7.png,201-300,United States,us,72-98,,0,31.9,0,7,28.1,19.3
Huazhong University of Science and Technology,huazhong-university-of-science-and-technology,logo/69664504.png,201-300,China,cn,10-18,,0,0,10.3,8.5,56.7,18.4
Indiana University-Purdue University at Indianapolis,indiana-university-purdue-university-at-indianapolis,logo/0d566a3be.png,201-300,United States,us,72-98,,0,0,14.5,13.9,39.6,15.6
Iowa State University,iowa-state-university,logo/7c94539cd.png,201-300,United States,us,72-98,,0,0,14.5,13.5,39.4,19
James Cook University,james-cook-university,logo/78cde8bfd.png,201-300,Australia,au,9-14,,0,0,14.5,15.7,28.3,27
Jilin University,jilin-university,logo/76557044.png,201-300,China,cn,10-18,,0,0,0,8.9,54.2,14.8
Karlsruhe Institute of Technology (KIT),karlsruhe-institute-of-technology-kit,logo/673bb8044.png,201-300,Germany,de,15-21,,0,0,10.3,13.3,38.9,20.9
King Abdullah University of Science and Technology,king-abdullah-university-of-science-and-technology,logo/aebd2c07c.png,201-300,Saudi Arabia,sa,3,,0,0,29,12.5,24.5,19.8
Korea Advanced Institute of Science and Technology,korea-advanced-institute-of-science-and-technology,logo/8f3ceaab6.png,201-300,South Korea,kr,4-6,,0,0,14.5,15.2,39.8,32.2
KTH Royal Institute of Technology,kth-royal-institute-of-technology,logo/2f5376155.png,201-300,Sweden,se,6-8,,0,14.9,0,11.5,39.2,25.9
Kyushu University,kyushu-university,logo/d57292828.png,201-300,Japan,jp,7-9,,0,0,10.3,12.2,44.4,18.2
Laval University,laval-university,logo/2a9c8ff20.png,201-300,Canada,ca,7-13,,0,0,14.5,9,38.1,17.5
Maastricht University,maastricht-university,logo/92916ebea.png,201-300,Netherlands,nl,10-11,,0,0,17.8,4.2,43.3,27.9
Macquarie University,macquarie-university,logo/b9794c3ca.png,201-300,Australia,au,9-14,,0,0,25.1,10.7,35.2,27.3
Medical University of South Carolina,medical-university-of-south-carolina,logo/34694e611.png,201-300,United States,us,72-98,,0,0,17.8,4,31,40.8
Medical University of Vienna,medical-university-of-vienna,logo/8c654cbfd.png,201-300,Austria,at,3,,8.9,9.4,14.5,9.9,33.9,20.1
Nanjing University,nanjing-university,logo/44696062.png,201-300,China,cn,10-18,,0,0,0,10.5,56.3,20.5
North Carolina State University - Raleigh,north-carolina-state-university-raleigh,logo/1df34c570.png,201-300,United States,us,72-98,,0,0,14.5,15,41.7,21.2
Northeastern University,northeastern-university-boston,logo/ba7ef1f93.png,201-300,United States,us,72-98,,0,0,17.8,17.2,31.5,21.9
Paul Sabatier University (Toulouse 3),paul-sabatier-university-toulouse-3,logo/0e606f4e4.png,201-300,France,fr,10-13,,0,0,10.3,20.8,36.8,14.7
Pohang University of Science and Technology,pohang-university-of-science-and-technology,logo/a66a338cc.png,201-300,South Korea,kr,4-6,,0,0,10.3,13.6,30.1,35.4
Polytechnic Institute of Milan,polytechnic-university-of-milan,logo/84ea078dc.png,201-300,Italy,it,3-8,,7.3,14.9,10.3,5.4,34.2,21.7
Queen's University,queens-university,logo/cf8e155e5.png,201-300,Canada,ca,7-13,,0,21,0,10.7,33.9,22.1
Queensland University of Technology,queensland-university-of-technology,logo/1bf5888c9.png,201-300,Australia,au,9-14,,0,0,17.8,4,37,21.5
RWTH Aachen University,rwth-aachen-university,logo/577d10b40.png,201-300,Germany,de,15-21,,0,0,22.9,6.4,40.8,23.3
Sichuan University,sichuan-university,logo/75651370.png,201-300,China,cn,10-18,,0,0,10.3,7.4,56.4,16.8
Soochow University,soochow-university-china,logo/44374737.png,201-300,China,cn,10-18,,0,0,17.8,6.2,45.2,17
South China University of Technology,south-china-university-of-technology,logo/69348939.png,201-300,China,cn,10-18,,0,0,17.8,3,43.1,17.9
Southeast University,southeast-university,logo/82819451.png,201-300,China,cn,10-18,,0,0,20.5,4.4,45.4,17.9
Stony Brook University,stony-brook-university,logo/38db338eb.png,201-300,United States,us,72-98,,0,0,10.3,19.6,38.1,18.1
Swedish University of Agricultural Sciences,swedish-university-of-agricultural-sciences,logo/e61844540.png,201-300,Sweden,se,6-8,,0,0,14.5,14,28.4,25.3
The Chinese University of Hong Kong,the-chinese-university-of-hong-kong,logo/d7b4fe8fe.png,201-300,China-Hong Kong,hk,2-4,,0,14.1,0,8.6,43.1,23.2
The Hong Kong University of Science and Technology,the-hong-kong-university-of-science-and-technology,logo/1869ca1ad.png,201-300,China-Hong Kong,hk,2-4,,0,0,20.5,9.9,32.8,27.2
The University of Calgary,the-university-of-calgary,logo/2728e064d.png,201-300,Canada,ca,7-13,,0,0,17.8,12.6,44.9,19.4
The University of Dundee,the-university-of-dundee,logo/c0cd8c2bb.png,201-300,United Kingdom,gb,22-28,,0,0,20.5,17.4,24.8,24.1
The University of Georgia,the-university-of-georgia,logo/4cb4fc994.png,201-300,United States,us,72-98,,0,0,14.5,17.8,43.1,18
The University of New Mexico - Albuquerque,the-university-of-new-mexico-albuquerque,logo/d7d1de5e4.png,201-300,United States,us,72-98,,0,0,10.3,15.9,35.6,16.1
The University of Texas Health Science Center at Houston,the-university-of-texas-health-science-center-at-houston,logo-jpg/cceffd11c00.jpg,201-300,United States,us,72-98,,0,15.4,14.5,14.1,33.3,16.8
Tokyo Institute of Technology,tokyo-institute-of-technology,logo/b7135745d.png,201-300,Japan,jp,7-9,,12.6,0,0,15.3,37.4,23.2
Toulouse School of Economics,toulouse-school-of-economics,logo/1f3163510.png,201-300,France,fr,10-13,,0,29.8,10.3,,10.1,18.5
University of Aberdeen,university-of-aberdeen,logo/0717053d3.png,201-300,United Kingdom,gb,22-28,,0,13.3,10.3,11.7,30.9,21.2
University of Alabama at Birmingham,university-of-alabama-at-birmingham,logo/bd261e772.png,201-300,United States,us,72-98,,0,0,22.9,9.4,40.1,16
University of Antwerp,university-of-antwerp,logo/9bd98c131.png,201-300,Belgium,be,5-6,,0,0,14.5,10.7,37.1,28.6
University of Belgrade,university-of-belgrade,logo/cc21573e5.png,201-300,Serbia,rs,1,,0,0,10.3,4.4,43.7,22.3
University of Bergen,university-of-bergen,logo/3c273bc4e.png,201-300,Norway,no,3,,0,0,10.3,16,37.3,21.1
Ruhr University Bochum,university-of-bochum,logo/5ff18ee82.png,201-300,Germany,de,15-21,,0,0,17.8,9.4,35.5,20.1
University of Bologna,university-of-bologna,logo/05d515e2f.png,201-300,Italy,it,3-8,,0,0,14.5,8.8,47.6,18.1
University of Cape Town,university-of-cape-town,logo/232448cdc.png,201-300,South Africa,za,1-2,,18.5,0,10.3,12.6,38.1,21.4
University of Cincinnati,university-of-cincinnati,logo/c5bf6b999.png,201-300,United States,us,72-98,,0,0,17.8,10.2,38.8,16.5
University of Cologne,university-of-cologne,logo/0e5b47b25.png,201-300,Germany,de,15-21,,0,11.5,0,21.3,38.7,22.5
University of East Anglia,university-of-east-anglia,logo/651b3ae7e.png,201-300,United Kingdom,gb,22-28,,13.6,0,10.3,15.2,27.6,21.7
University of Florence,university-of-florence,logo/ffc7827db.png,201-300,Italy,it,3-8,,0,0,14.5,10.2,39.3,20.3
University of Granada,university-of-granada,logo/ae3e5b29e.png,201-300,Spain,es,2-3,,0,0,22.9,5.3,40.7,16
University of Hamburg,university-of-hamburg,logo/1f501fa40.png,201-300,Germany,de,15-21,,11.5,0,0,21.7,37.4,21.7
University of Houston,university-of-houston,logo/b1fdf2977.png,201-300,United States,us,72-98,,0,0,17.8,11.6,37.3,21.2
University of Illinois at Chicago,university-of-illinois-at-chicago,logo/a3459f50d.png,201-300,United States,us,72-98,,0,0,14.5,11.8,43.6,17.8
University of Kansas,university-of-kansas,logo/bd525bf4e.png,201-300,United States,us,72-98,,11.5,0,14.5,14.4,40.3,15.9
University of Lausanne,university-of-lausanne,logo/5051a54b0.png,201-300,Switzerland,ch,7,,0,0,14.5,23.5,35.2,23.1
University of Leicester,university-of-leicester,logo/33601d56d.png,201-300,United Kingdom,gb,22-28,,0,0,10.3,18.9,32.3,20.8
University of Lorraine,university-of-lorraine,logo/0f0c19e32.png,201-300,France,fr,10-13,,11.5,16.3,0,10.5,33.1,19.4
University of Mainz,university-of-mainz,logo/44fd66a86.png,201-300,Germany,de,15-21,,0,7.7,0,16.2,36.5,20.1
University of Maryland - Baltimore,university-of-maryland-baltimore,logo/a3b6c7955.png,201-300,United States,us,72-98,,0,0,14.5,13.9,38.5,16.6
University of Milan,university-of-milan,logo/22f0a5d5b.png,201-300,Italy,it,3-8,,17,0,0,10.3,47.4,23.1
University of Missouri - Columbia,university-of-missouri-columbia,logo/84de5e5b1.png,201-300,United States,us,72-98,,8.9,0,17.8,13.9,37.6,16.4
University of Nebraska - Lincoln,university-of-nebraska-lincoln,logo/49b53c7ad.png,201-300,United States,us,72-98,,17,0,14.5,13.7,35.1,19.8
University of Notre Dame,university-of-notre-dame,logo/11b8029f6.png,201-300,United States,us,72-98,,12.6,0,22.9,13.6,31.1,21.5
University of Ottawa,university-of-ottawa,logo/eaae11f5f.png,201-300,Canada,ca,7-13,,0,0,14.5,16.1,44.4,21.5
University of Pisa,university-of-pisa,logo/a979256d7.png,201-300,Italy,it,3-8,,13.6,23.1,0,6.2,36.7,22.5
University of South Florida,university-of-south-florida,logo/5a874adcf.png,201-300,United States,us,72-98,,0,0,20.5,8.9,40.8,19.5
University of Sussex,university-of-sussex,logo-jpg/a488c8b5400.jpg,201-300,United Kingdom,gb,22-28,,0,22.4,0,13.8,29.8,24.2
University of Tasmania,university-of-tasmania,logo/543d80c32.png,201-300,Australia,au,9-14,,0,0,10.3,15.4,31.6,25.4
University of the Witwatersrand,university-of-the-witwatersrand,logo-jpg/945a175ff00.jpg,201-300,South Africa,za,1-2,,18.5,0,14.5,15.7,35.2,21.3
University of Tsukuba,university-of-tsukuba,logo/a1d685faa.png,201-300,Japan,jp,7-9,,0,19.6,0,11.4,35.8,16.5
University of Turin,university-of-turin,logo/1d6abed85.png,201-300,Italy,it,3-8,,15.4,0,14.5,7.7,41.7,21.5
University of Ulm,university-of-ulm,logo/73fcbe7b7.png,201-300,Germany,de,15-21,,0,0,20.5,13.6,30.3,19.3
University of Victoria,university-of-victoria,logo/68a72b0ef.png,201-300,Canada,ca,7-13,,0,0,17.8,12.4,29.4,21.1
University of Waterloo,university-of-waterloo,logo/afeac310e.png,201-300,Canada,ca,7-13,,0,0,14.5,12.8,43.2,23.4
University of York,university-of-york,logo/37e99d3e3.png,201-300,United Kingdom,gb,22-28,,0,0,10.3,16.8,33.5,21.1
Virginia Commonwealth University,virginia-commonwealth-university,logo/060382474.png,201-300,United States,us,72-98,,10.3,14.1,14.5,6.7,35.5,14.8
Vrije Universiteit Brussel (VUB),vrije-universiteit-brussel-vub,logo/de2977e90.png,201-300,Belgium,be,5-6,,13.6,0,10.3,10.5,31.8,28.9
Western University,western-university,logo/c29ef8efe.png,201-300,Canada,ca,7-13,,0,0,14.5,12,43.7,20.4
Xiamen University,xiamen-university,logo/14008229.png,201-300,China,cn,10-18,,0,0,10.3,9.9,41.9,16
Yeshiva University,yeshiva-university,logo/4f1519bae.png,201-300,United States,us,72-98,,0,0,10.3,21.3,32.3,21.4
Yonsei University,yonsei-university,logo/9aca43746.png,201-300,South Korea,kr,4-6,,0,0,10.3,5.8,53.7,23.4
Autonomous University of Barcelona,autonomous-university-of-barcelona,logo/ae2a39e54.png,301-400,Spain,es,4-9,,0,0,0,12.1,45.2,20.7
Beihang University,beihang-university,logo/22403670.png,301-400,China,cn,19-31,,0,0,10.3,2.1,42.9,17.5
Boston College,boston-college,logo/cb78bc576.png,301-400,United States,us,99-119,,0,0,14.5,14.9,22.9,17.4
Catholic University of Korea,catholic-university-of-korea,logo-jpg/7404420eb00.jpg,301-400,South Korea,kr,7-9,,0,0,10.3,1.5,30.5,39.6
Central South University,central-south-university,logo/65984093.png,301-400,China,cn,19-31,,0,0,0,3,51.7,17.4
Chang Gung University,chang-gung-university,logo/5972c7637.png,301-400,China-Taiwan,tw,3-4,,0,0,10.3,2.8,34.3,22.9
Chiba University,chiba-university,logo/3a9c29fe2.png,301-400,Japan,jp,10-12,,0,0,14.5,9.4,28.5,17
China Agricultural University,china-agricultural-university,logo/48410070.png,301-400,China,cn,19-31,,0,0,0,11.9,41.3,17.8
China University of Geosciences,china-university-of-geosciences-wuhan,logo/25952542.png,301-400,China,cn,19-31,,0,0,20.5,7.9,25.2,16.8
Complutense University of Madrid,complutense-university-of-madrid,logo/5d01436ca.png,301-400,Spain,es,4-9,,19.2,0,0,9.1,42.3,13.2
Dalhousie University,dalhousie-university,logo/3cae36dc6.png,301-400,Canada,ca,14-16,,12.6,0,0,13.1,34.5,18.5
Dalian University of Technology,dalian-university-of-technology,logo/54289554.png,301-400,China,cn,19-31,,0,0,10.3,6.9,42.3,17.3
East China University of Science and Technology,east-china-university-of-science-and-technology,logo/93042584.png,301-400,China,cn,19-31,,0,0,10.3,3.7,35.6,17
Ecole Normale Superieure - Lyon,ecole-normale-superieure-lyon,logo/1499c2d6e.png,301-400,France,fr,14-18,,0,20,0,11.9,21.6,30.5
Ecole Polytechnique,ecole-polytechnique,logo/a6f5d004d.png,301-400,France,fr,14-18,,21.8,0,10.3,10.1,25.8,23.7
ESPCI ParisTech,espci-paris,logo/1eea04139.png,301-400,France,fr,14-18,,7.3,18.8,0,12.7,15.5,32.4
Federal University of Minas Gerais,federal-university-of-minas-gerais,logo/7d91c3f4e.png,301-400,Brazil,br,2-4,,0,0,10.3,4.2,38,19.5
Federal University of Rio de Janeiro,federal-university-of-rio-de-janeiro,logo/c7c76aed0.png,301-400,Brazil,br,2-4,,0,0,0,8.2,40.7,20.5
Flinders University,flinders-university,logo/50d276a09.png,301-400,Australia,au,15-21,,15.4,0,10.3,6.2,31,23.3
Georgetown University,georgetown-university,logo/5c9d5401d.png,301-400,United States,us,99-119,,0,0,10.3,6.9,31.6,18
Griffith University,griffith-university,logo/bdd9a6db5.png,301-400,Australia,au,15-21,,0,0,10.3,7.5,38.7,21.6
Hannover Medical School,hannover-medical-school,logo-jpg/8ca7c1eca00.jpg,301-400,Germany,de,22-27,,0,0,17.8,9.3,30.8,18.1
Hanyang University,hanyang-university,logo/33d276332.png,301-400,South Korea,kr,7-9,,0,0,0,6.8,41.4,23.2
Indian Institute of Science,indian-institute-of-science,logo/f973a1877.png,301-400,India,in,1,,0,0,10.3,2.8,37.9,19.4
Keio University,keio-university,logo-jpg/dc415a48e00.jpg,301-400,Japan,jp,10-12,,0,0,14.5,10.1,32.5,14.4
King Fahd University of Petroleum & Minerals,king-fahd-university-of-petroleum-minerals,logo/d59953db0.png,301-400,Saudi Arabia,sa,4,,0,0,20.5,5.2,22.9,19
Kyung Hee University,kyung-hee-university,logo/4143a0002.png,301-400,South Korea,kr,7-9,,0,0,10.3,5.1,39.5,19.5
La Trobe University,la-trobe-university,logo/8bd69d24a.png,301-400,Australia,au,15-21,,0,0,14.5,6.2,30.5,25.6
Lanzhou University,lanzhou-university,logo/84317715.png,301-400,China,cn,19-31,,0,0,10.3,6,39.5,19.2
Linkoping University,linkoping-university,logo/7648d845d.png,301-400,Sweden,se,9-10,,0,0,14.5,9,35.2,19.5
Louisiana State University - Baton Rouge,louisiana-state-university-baton-rouge,logo/12298bd99.png,301-400,United States,us,99-119,,0,0,10.3,12.8,32.6,17.4
Nankai University,nankai-university,logo/44629152.png,301-400,China,cn,19-31,,0,0,10.3,5.7,37.9,15.5
National and Kapodistrian University of Athens,national-and-kapodistrian-university-of-athens,logo/95cce01c7.png,301-400,Greece,gr,1,,0,0,14.5,5.4,37.4,20
National Tsing Hua University,national-tsing-hua-university,logo/c981ecb43.png,301-400,China-Taiwan,tw,3-4,,12.6,0,0,13,31.4,21.3
University of Galway,national-university-of-ireland-galway,logo/94f753bbd.png,301-400,Ireland,ie,2-3,,0,0,20.5,6.9,23,15.6
Newcastle University,newcastle-university,logo-jpg/0503dcf9e00.jpg,301-400,United Kingdom,gb,29-33,,0,0,0,15,38.5,19.3
Okayama University,okayama-university,logo-jpg/a6b73044f00.jpg,301-400,Japan,jp,10-12,,0,0,14.5,9.9,28,13.5
Paris Dauphine University (Paris 9),paris-dauphine-university-paris-9,logo/1c13b899c.png,301-400,France,fr,14-18,,20.5,26.6,0,0,14.1,25.6
Polytechnic University of Catalonia,polytechnic-university-of-catalonia,logo/fe4e14473.png,301-400,Spain,es,4-9,,0,0,14.5,8,27.7,15.8
Polytechnic University of Valencia,polytechnic-university-of-valencia,logo-jpg/87bf0c60700.jpg,301-400,Spain,es,4-9,,0,0,17.8,7.6,31.8,16.1
Pompeu Fabra University,pompeu-fabra-university,logo-jpg/36552d92b00.jpg,301-400,Spain,es,4-9,,0,0,0,19.7,27.2,34.3
Queen's University Belfast,queens-university-belfast,logo/fae80f932.png,301-400,United Kingdom,gb,29-33,,17.8,0,0,11.3,32.1,18.5
Rush University,rush-university,logo/7c8b443d8.png,301-400,United States,us,99-119,,0,0,20.5,6.6,24.9,17.9
Saint Petersburg State University,saint-petersburg-state-university,logo-jpg/2b28ec0e900.jpg,301-400,Russia,ru,2,,26.7,0,0,6.8,33.6,19.3
Shandong University,shandong-university,logo/97189370.png,301-400,China,cn,19-31,,0,0,0,3.2,57,17.1
Technical University of Berlin,technical-university-of-berlin,logo/e480d3fd9.png,301-400,Germany,de,22-27,,16.2,0,10.3,7.4,29.8,17
Temple University,temple-university,logo/dce115cfb.png,301-400,United States,us,99-119,,0,0,14.5,7.5,35.1,13.2
The George Washington University,the-george-washington-university,logo/cb85da2ec.png,301-400,United States,us,99-119,,11.5,0,0,11.1,36,18.1
The Hong Kong Polytechnic University,the-hong-kong-polytechnic-university,logo/bb2e43056.png,301-400,China-Hong Kong,hk,5,,0,0,14.5,3.7,39.3,22.6
The University of Newcastle - Australia,the-university-of-newcastle-australia,logo/b2f27bb6a.png,301-400,Australia,au,15-21,,0,0,10.3,5.7,34.5,24.2
The University of Reading,the-university-of-reading,logo/2bfe83c14.png,301-400,United Kingdom,gb,29-33,,0,0,17.8,11.4,28.4,21.5
The University of Texas at Dallas,the-university-of-texas-at-dallas,logo/f4bd79613.png,301-400,United States,us,99-119,,13.6,0,10.3,13.2,27.4,22.2
The University of Texas Health Science Center at San Antonio,the-university-of-texas-health-science-center-at-san-antonio,logo-jpg/86d630cf700.jpg,301-400,United States,us,99-119,,0,0,22.9,8.2,26.1,20
Thomas Jefferson University,thomas-jefferson-university,logo/de4a76b2c.png,301-400,United States,us,99-119,,0,0,10.3,8.2,27.3,29.4
Tianjin University,tianjin-university,logo/74813674.png,301-400,China,cn,19-31,,0,0,0,4.1,50.4,19.3
Tongji University,tongji-university,logo/39174907.png,301-400,China,cn,19-31,,0,0,0,8.3,48.8,17.3
Umea University,umea-university,logo/bb8830f26.png,301-400,Sweden,se,9-10,,0,0,10.3,10.9,33.8,17.5
Sao Paulo State University,unesp,logo/26a725267.png,301-400,Brazil,br,2-4,,0,0,0,7,43.9,21.9
University at Buffalo - the State University of New York,university-at-buffalo-the-state-university-of-new-york,logo/7a306da0a.png,301-400,United States,us,99-119,,0,0,10.3,9.7,38.9,16.2
University College Dublin,university-college-dublin,logo/6b943a3b2.png,301-400,Ireland,ie,2-3,,0,0,10.3,8.8,34.2,18.1
University of Bath,university-of-bath,logo/d94237204.png,301-400,United Kingdom,gb,29-33,,0,0,10.3,11.8,28.2,20.4
University of Canterbury,university-of-canterbury,logo/7717286a5.png,301-400,New Zealand,nz,2-4,,0,0,14.5,9.3,24.5,22.8
University of Chile,university-of-chile,logo/adca05d09.png,301-400,Chile,cl,1,,7.3,0,0,10.9,34,17.8
University of Colorado at Denver,university-of-colorado-at-denver,logo/69b80bb67.png,301-400,United States,us,99-119,,0,0,10.3,11.3,31.4,11.3
University of Connecticut,university-of-connecticut,logo/4e4033592.png,301-400,United States,us,99-119,,11.5,0,0,9.1,36.3,13.7
University of Eastern Finland,university-of-eastern-finland,logo-jpg/161979ad200.jpg,301-400,Finland,fi,2,,0,0,17.8,5,29.4,17.2
University of Electronic Science and Technology of China,university-of-electronic-science-and-technology-of-china,logo/55538407.png,301-400,China,cn,19-31,,0,0,14.5,1.5,36.2,15.4
University of Fribourg,university-of-fribourg,logo/1c18d27a3.png,301-400,Switzerland,ch,8,,0,0,17.8,8.2,20.3,22.3
University of Giessen,university-of-giessen,logo-jpg/faa54a30300.jpg,301-400,Germany,de,22-27,,0,0,10.3,10.2,30.7,16.8
University of Guelph,university-of-guelph,logo/a21571dd0.png,301-400,Canada,ca,14-16,,0,0,10.3,9.7,31.4,18.6
University of Halle-Wittenberg,university-of-halle-wittenberg,logo/5f7377c92.png,301-400,Germany,de,22-27,,0,6.7,10.3,9.4,25.1,14.6
University of Jena,university-of-jena,logo/8e04e3dbe.png,301-400,Germany,de,22-27,,0,0,10.3,10.7,34.1,18.4
University of Kentucky,university-of-kentucky,logo/7db3d518b.png,301-400,United States,us,99-119,,10.3,0,0,11.9,40.4,17.1
University of Liege,university-of-liege,logo/9d643c9ae.png,301-400,Belgium,be,7,,7.3,0,0,13.9,31.6,23.5
University of Marburg,university-of-marburg,logo/56c888eab.png,301-400,Germany,de,22-27,,10.3,0,10.3,13.9,28.2,16.7
University of Maryland - Baltimore County,university-of-maryland-baltimore-county,logo/3ff2a8af8.png,301-400,United States,us,99-119,,0,0,20.5,9,17.7,21.3
University of Milan - Bicocca,university-of-milano-bicocca,logo-jpg/b412ab39400.jpg,301-400,Italy,it,9-11,,0,0,10.3,5.7,30.8,22.4
University of Montpellier,university-of-montpellier,logo/494a1c1f0.png,301-400,France,fr,14-18,,10.3,0,0,16.4,37.6,14.8
University of Naples Federico II,university-of-naples-federico-ii,logo/05e74c379.png,301-400,Italy,it,9-11,,0,0,0,5.8,43,18
University of North Texas,university-of-north-texas,logo/3d568898f.png,301-400,United States,us,99-119,,0,0,17.8,4.6,26.1,17.9
University of Oregon,university-of-oregon,logo/87932f968.png,301-400,United States,us,99-119,,8.9,0,10.3,14.5,27.1,18.4
University of Otago,university-of-otago,logo-jpg/872fa062700.jpg,301-400,New Zealand,nz,2-4,,0,0,10.3,9.5,35.1,28.6
University of Pavia,university-of-pavia,logo/2e32ad78d.png,301-400,Italy,it,9-11,,0,0,10.3,5.3,31.9,22.3
University of Porto,university-of-porto,logo-jpg/d9082956b00.jpg,301-400,Portugal,pt,2,,0,0,0,11.8,43.2,22.1
University of Quebec,university-of-quebec,logo/24abe9d33.png,301-400,Canada,ca,14-16,,0,0,10.3,9,35.3,18.7
University of Santiago Compostela,university-of-santiago-compostela,logo/34c4152c0.png,301-400,Spain,es,4-9,,0,0,14.5,6.2,30.9,14.8
University of South Carolina - Columbia,university-of-south-carolina-columbia-1,logo/04f169eee.png,301-400,United States,us,99-119,,0,0,14.5,8.6,36.2,17.2
University of Southern Denmark,university-of-southern-denmark,logo/8c66c5a09.png,301-400,Denmark,dk,5,,0,0,10.3,10.5,38.3,20.2
University of St Andrews,university-of-st-andrews,logo/761c4f7b4.png,301-400,United Kingdom,gb,29-33,,10.3,0,0,16.4,29.6,21.8
University of Technology - Sydney,university-of-technology-sydney,logo/1778c7bfd.png,301-400,Australia,au,15-21,,0,0,14.5,4.6,30.9,21.1
University of Tehran,university-of-tehran,logo/d58a4ccbc.png,301-400,Iran,ir,1,,12.6,0,0,1.5,41.2,20.8
University of Tennessee - Knoxville,university-of-tennessee-knoxville,logo/27a58d8fe.png,301-400,United States,us,99-119,,10.3,0,0,14.9,39.9,15.3
University of Twente,university-of-twente,logo/e076f188c.png,301-400,Netherlands,nl,12,,0,0,10.3,9.9,31.3,22.6
University of Vermont,university-of-vermont,logo/18f55f0bd.png,301-400,United States,us,99-119,,13.6,0,10.3,11.9,26.8,15.9
University of Western Sydney,western-sydney-university,logo/eeb85af2c.png,301-400,Australia,au,15-21,,0,0,10.3,8,29.3,19.9
University of Wollongong,university-of-wollongong,logo/60cbe9b79.png,301-400,Australia,au,15-21,,0,0,10.3,9,34.4,23
Victoria University of Wellington,victoria-university-of-wellington,logo/74ea13be8.png,301-400,New Zealand,nz,2-4,,11.5,0,10.3,8.3,24.6,20.7
Virginia Polytechnic Institute and State University,virginia-polytechnic-institute-and-state-university,logo/e010632dd.png,301-400,United States,us,99-119,,11.5,0,0,11.8,41.8,17.1
Wayne State University,wayne-state-university,logo/26c477d65.png,301-400,United States,us,99-119,,0,0,10.3,6.6,37.2,15.1
Wuhan University,wuhan-university,logo/46182017.png,301-400,China,cn,19-31,,0,0,0,4.2,49.3,14.5
Aalto University,aalto-university,logo/699336500.png,401-500,Finland,fi,3-5,,0,0,0,11.5,34.5,18
Amirkabir University of Technology,amirkabir-university-of-technology,logo/e887320e3.png,401-500,Iran,ir,2,,0,0,14.5,0,31.5,17.1
Aristotle University of Thessaloniki,aristotle-university-of-thessaloniki,logo/ab4c53b55.png,401-500,Greece,gr,2,,0,0,10.3,2.1,33.6,17.4
Bangor University,bangor-university,logo-jpg/4920618e000.jpg,401-500,United Kingdom,gb,34-37,,11.5,0,10.3,7,19.6,19.6
Beijing University of Chemical Technology,beijing-university-of-chemical-technology,logo/46052210.png,401-500,China,cn,32-41,,0,0,10.3,0,29.2,18.4
Ben-Gurion University of the Negev,ben-gurion-university-of-the-negev,logo/5daae2575.png,401-500,Israel,il,5,,0,0,0,8.4,33.9,17.3
Bielefeld University,bielefeld-university,logo/f6151fa61.png,401-500,Germany,de,28-38,,0,0,14.5,7.4,25.1,14.8
Brigham Young University,brigham-young-university,logo/02ae869f0.png,401-500,United States,us,120-137,,8.9,0,10.3,8.2,26.9,13.3
Brunel University London,brunel-university,logo/92f97cee2.png,401-500,United Kingdom,gb,34-37,,0,0,17.8,3.7,23.8,18.4
Cairo University,cairo-university,logo/881613d6a.png,401-500,Egypt,eg,1,,19.2,0,0,3.2,33.1,17.7
Capital Medical University,capital-medical-university,logo/63885672.png,401-500,China,cn,32-41,,0,0,0,1.5,38.7,33.8
City University of New York City College,the-city-college-of-new-york,logo/aa0b8f631.png,401-500,United States,us,120-137,,31.2,0,0,8.6,17.1,18.8
Donghua University,donghua-university,logo/41255312.png,401-500,China,cn,32-41,,0,0,14.5,2.4,24.7,15.1
Ewha Womans University,ewha-womans-university,logo/bd7393899.png,401-500,South Korea,kr,10-11,,0,0,10.3,8.8,28.2,17.6
Federal University of Rio Grande do Sul,federal-university-of-rio-grande-do-sul,logo/92d197a14.png,401-500,Brazil,br,5-6,,0,0,0,5.5,38.7,19.3
Florida International University,florida-international-university,logo/e03b0bdc8.png,401-500,United States,us,120-137,,0,0,10.3,6.5,28.9,15.9
Hong Kong Baptist University,hong-kong-baptist-university,logo/a8fea0098.png,401-500,China-Hong Kong,hk,6,,0,0,10.3,6.2,23.1,21.3
Hunan University,hunan-university,logo/79015808.png,401-500,China,cn,32-41,,0,0,10.3,2.4,35.1,16.1
Istanbul University,istanbul-university,logo/3405657ab.png,401-500,Turkey,tr,1,,18.5,0,0,3.5,34.6,18.4
Jagiellonian University,jagiellonian-university,logo/9d54e81f7.png,401-500,Poland,pl,1-2,,10.3,0,0,4.7,35.6,18.1
Kaohsiung Medical University,kaohsiung-medical-university,logo/1b3220847.png,401-500,China-Taiwan,tw,5-7,,0,0,14.5,0,27.3,20.6
Kobe University,kobe-university,logo/63bcf75c6.png,401-500,Japan,jp,13-16,,14.5,0,0,10.3,31.3,15.6
Medical University of Graz,medical-university-of-graz,logo/e391440d1.png,401-500,Austria,at,4-5,,0,9.4,0,6.3,23,22.2
MINES ParisTech,mines-paristech,logo/89e2588e7.png,401-500,France,fr,19-22,,13.6,24.9,0,3.7,8,13.9
Nanjing Medical University,nanjing-medical-university,logo/76762015.png,401-500,China,cn,32-41,,0,0,0,4.2,35.3,26.2
Nanjing University of Science and Technology,nanjing-university-of-science-and-technology,logo/38974419.png,401-500,China,cn,32-41,,0,0,10.3,3.3,30.8,15.1
National Cheng Kung University (NCKU),national-cheng-kung-university-ncku,logo/9b8894137.png,401-500,China-Taiwan,tw,5-7,,0,0,0,5.2,39,16.7
National Chiao Tung University,national-chiao-tung-university,logo/eb4a9490e.png,401-500,China-Taiwan,tw,5-7,,0,0,0,9.9,31.2,19.1
National University of Malaysia,national-university-of-malaysia,logo/726ce2d63.png,401-500,Malaysia,my,1-3,,0,0,14.5,1.5,26.4,14.9
Northeast Normal University,northeast-normal-university,logo/12611652.png,401-500,China,cn,32-41,,0,0,17.8,3,22.5,14.4
Novosibirsk State University,novosibirsk-state-university,logo/87be4aa46.png,401-500,Russia,ru,3,,13.6,0,0,4.1,31.3,16.3
Ocean University of China,ocean-university-of-china,logo/53553512.png,401-500,China,cn,32-41,,0,0,10.3,8.2,29.2,16.4
Oklahoma State University,oklahoma-state-university,logo/91ba5b49f.png,401-500,United States,us,120-137,,0,0,10.3,4.7,28.2,15.8
Osaka City University,osaka-city-university,logo/73588af0c.png,401-500,Japan,jp,13-16,,15.4,0,10.3,6.2,21.4,15.6
Paris Sorbonne University,paris-sorbonne-university,logo/29b782c4e.png,401-500,France,fr,19-22,,0,0,0,3.7,37.1,20.5
Peking Union Medical College,peking-union-medical-college,logo/81176996.png,401-500,China,cn,32-41,,0,0,0,11.2,35.2,16.9
Pusan National University,pusan-national-university,logo-jpg/05e77e46700.jpg,401-500,South Korea,kr,10-11,,0,0,0,4.1,36.4,17.3
Rensselaer Polytechnic Institute,rensselaer-polytechnic-institute,logo/a2faf8830.png,401-500,United States,us,120-137,,12.6,0,0,13.1,22.2,22.1
RMIT University,rmit-university,logo/a48f6656e.png,401-500,Australia,au,22-23,,0,0,10.3,0,30.5,18.5
Saint Louis University,saint-louis-university,logo/fd492810c.png,401-500,United States,us,120-137,,0,11.5,10.3,4.1,24,12.6
San Diego State University,san-diego-state-university,logo/e19bd5ec8.png,401-500,United States,us,120-137,,0,0,10.3,10,25.8,17.3
Scuola Normale Superiore - Pisa,scuola-normale-superiore-pisa,logo-jpg/5ed9cf07300.jpg,401-500,Italy,it,12-19,,0,0,0,6.2,18.3,50.5
Simon Fraser University,simon-fraser-university,logo/adfc503d5.png,401-500,Canada,ca,17-19,,0,0,0,13.3,33.4,19.1
St George's Hospital Medical School,st-georges-university-of-london,logo-jpg/510c6082100.jpg,401-500,United Kingdom,gb,34-37,,0,0,14.5,4.5,15,33.3
Stellenbosch University,stellenbosch-university,logo/03915c560.png,401-500,South Africa,za,3-4,,0,0,10.3,5.4,31.2,16.4
Stockholm School of Economics,stockholm-school-of-economics,logo/fefeec3fc.png,401-500,Sweden,se,11,,0,16.3,0,,10.2,41.4
Swinburne University of Technology,swinburne-university-of-technology,logo/7399ab511.png,401-500,Australia,au,22-23,,0,0,10.3,10,23.3,22.2
Technical University Darmstadt,technical-university-darmstadt,logo/a35de2656.png,401-500,Germany,de,28-38,,14.5,0,0,9.4,27.4,15.2
Texas Tech University,texas-tech-university,logo/7872132b9.png,401-500,United States,us,120-137,,0,0,10.3,3.3,31.6,15.9
The University of Texas Medical Branch at Galveston,the-university-of-texas-medical-branch-at-galveston,logo/8cf0f7193.png,401-500,United States,us,120-137,,0,0,10.3,9.3,21.9,18
Tokyo University of Science,tokyo-university-of-science,logo/16303ca23.png,401-500,Japan,jp,13-16,,12.6,0,10.3,6.6,22.8,18.1
University at Albany (State University of New York),university-at-albany-state-university-of-new-york,logo/3cc2bc883.png,401-500,United States,us,120-137,,0,0,10.3,8,25.8,18.8
University of Alaska - Fairbanks,university-of-alaska-fairbanks,logo/2e039f99b.png,401-500,United States,us,120-137,,0,0,10.3,10.8,19.5,19.3
University of Aveiro,university-of-aveiro,logo/bd2ce4300.png,401-500,Portugal,pt,3-5,,0,0,10.3,3,30.1,15.8
University of Bayreuth,university-of-bayreuth,logo/139a66e3f.png,401-500,Germany,de,28-38,,0,0,10.3,14.2,22.4,14.1
University of Bremen,university-of-bremen,logo/03ecf2289.png,401-500,Germany,de,28-38,,0,0,0,14.3,30.6,16.7
University of Campinas,university-of-campinas,logo/aa0513029.png,401-500,Brazil,br,5-6,,0,0,0,3.7,41.6,20.6
University of Central Florida,university-of-central-florida,logo/813d8d7eb.png,401-500,United States,us,120-137,,0,0,10.3,8,28.7,16.9
University of Coimbra,university-of-coimbra,logo/7d6ada42c.png,401-500,Portugal,pt,3-5,,0,0,0,8,33.9,17.2
University of Duesseldorf,heinrich-heine-university-duesseldorf,logo/23cac266a.png,401-500,Germany,de,28-38,,11.5,0,0,11.5,31.2,16.9
University of Ferrara,university-of-ferrara,logo/bc02ceb50.png,401-500,Italy,it,12-19,,0,0,10.3,4,25,21.3
University of Hannover,leibniz-university-hannover,logo/1c84e8f45.png,401-500,Germany,de,28-38,,0,0,14.5,9.8,24.7,14.9
University of Konstanz,university-of-konstanz,logo/f7c03d40b.png,401-500,Germany,de,28-38,,0,0,10.3,13.6,23.5,14.3
University of KwaZulu-Natal,university-of-kwazulu-natal,logo/c071bca77.png,401-500,South Africa,za,3-4,,0,0,0,8.3,32.8,16.7
University of Ljubljana,university-of-ljubljana,logo/80e7fc5ba.png,401-500,Slovenia,si,1,,0,0,0,8.1,36,15.3
University of Malaya,university-of-malaya,logo/baa2b4f77.png,401-500,Malaysia,my,1-3,,0,0,0,0,45,22.2
University of Manitoba,university-of-manitoba,logo/b66139813.png,401-500,Canada,ca,17-19,,0,0,0,8,35.4,16.1
University of Minho,university-of-minho,logo/09c565a13.png,401-500,Portugal,pt,3-5,,0,0,10.3,4.1,29.3,15.5
University of Montana - Missoula,university-of-montana-missoula,logo/0034300e0.png,401-500,United States,us,120-137,,5.1,0,14.5,12.5,16.5,18
University of Nice Sophia Antipolis,university-of-nice-sophia-antipolis,logo/eaa7aac99.png,401-500,France,fr,19-22,,0,0,0,17.9,25.6,13.3
University of Oulu,university-of-oulu,logo-jpg/41dee26eb00.jpg,401-500,Finland,fi,3-5,,11.5,0,0,6.8,29.1,15.3
University of Palermo,university-of-palermo,logo/9788bf08a.png,401-500,Italy,it,12-19,,0,0,10.3,7.1,29,17.3
University of Parma,university-of-parma,logo-jpg/f7d68d11c00.jpg,401-500,Italy,it,12-19,,0,0,17.8,1.5,25.7,20
University of Perugia,university-of-perugia,logo/561680e16.png,401-500,Italy,it,12-19,,0,0,0,9.5,29.3,20.1
University of Potsdam,university-of-potsdam,logo/60edfdb94.png,401-500,Germany,de,28-38,,0,0,10.3,12.5,26,15.1
University of Regensburg,university-of-regensburg,logo/f1e40e83c.png,401-500,Germany,de,28-38,,0,0,0,15.3,27.5,15.5
University of Roma - Tor Vergata,university-of-roma-tor-vergata,logo/71a9fac11.png,401-500,Italy,it,12-19,,0,0,0,8.2,34.3,20.4
University of Rostock,university-of-rostock,logo/d936760b9.png,401-500,Germany,de,28-38,,0,0,10.3,9.3,25.1,14.1
University of Salerno,university-of-salerno,logo-jpg/fc4e3f80000.jpg,401-500,Italy,it,12-19,,0,0,14.5,0,25.1,18.7
University of Saskatchewan,university-of-saskatchewan,logo/23b948bb0.png,401-500,Canada,ca,17-19,,8.9,0,0,8.3,33.5,16.2
University of Science - Malaysia,university-of-science-malaysia,logo-jpg/0bbca4da200.jpg,401-500,Malaysia,my,1-3,,0,0,10.3,3.3,29.3,15.4
University of Stuttgart,university-of-stuttgart,logo/ec2ed2a28.png,401-500,Germany,de,28-38,,18.5,0,0,10.7,26.9,15.7
University of Surrey,university-of-surrey,logo/bacc77614.png,401-500,United Kingdom,gb,34-37,,0,0,10.3,5.3,28.1,19.2
University of Tartu,university-of-tartu,logo/d6c752216.png,401-500,Estonia,ee,1,,0,0,10.3,11.9,25.3,14.7
University of the Basque Country,university-of-the-basque-country,logo/11b34e191.png,401-500,Spain,es,10-12,,0,0,0,9.2,36.4,14.4
University of Turku,university-of-turku,logo/16955298c.png,401-500,Finland,fi,3-5,,0,0,0,9.2,33.5,17.2
University of Valencia,university-of-valencia,logo/6353e32c9.png,401-500,Spain,es,10-12,,0,0,0,6.9,41.5,15
University of Versailles Saint-Quentin-en-Yvelines,university-of-versailles-saint-quentin-en-yvelines,logo-jpg/5489e557600.jpg,401-500,France,fr,19-22,,0,0,17.8,8,21.1,15.8
University of Warsaw,university-of-warsaw,logo/d42f67232.png,401-500,Poland,pl,1-2,,15.4,0,0,8.3,30.8,16.7
University of Wyoming,university-of-wyoming,logo/23ff65b3f.png,401-500,United States,us,120-137,,0,0,10.3,13.9,22.4,17.8
University of Zagreb,university-of-zagreb,logo/e5217fb84.png,401-500,Croatia,hr,1,,0,0,10.3,5.3,31.2,16.4
University Rovira i Virgili,university-rovira-i-virgili,logo/1557d4c88.png,401-500,Spain,es,10-12,,0,0,10.3,5.3,23.2,21.5
Utah State University,utah-state-university,logo/6a8b4ebd9.png,401-500,United States,us,120-137,,13.6,0,0,11.7,24.8,16.2
Vienna University of Technology,vienna-university-of-technology,logo/bf088949a.png,401-500,Austria,at,4-5,,0,0,0,12.5,28.6,24.4
Vita-Salute San Raffaele University,vita-salute-san-raffaele-university,logo/d55cdc273.png,401-500,Italy,it,12-19,,0,0,10.3,7.5,16,35.2
Wake Forest University,wake-forest-university,logo/1598033eb.png,401-500,United States,us,120-137,,0,0,17.8,7.6,23.1,12.2
Waseda University,waseda-university,logo/791423400.png,401-500,Japan,jp,13-16,,0,0,10.3,6.9,27.4,10.9
Washington State University,washington-state-university,logo/c0ee3c39e.png,401-500,United States,us,120-137,,0,0,10.3,7.2,30.6,16.9
West Virginia University,west-virginia-university,logo/18ead989c.png,401-500,United States,us,120-137,,0,0,14.5,5.8,29.4,12.1
Wuhan University of Technology,wuhan-university-of-technology,logo/16563358.png,401-500,China,cn,32-41,,0,0,17.8,0,27.3,10.8